공원명,공원 시명,공원 구명,공원 지번 주소,공원 도로명 주소,등록 일시,수정자 일련번호,수정 일시,일반이용자(아침),일반이용자(낮),일반이용자(저녁),자전거,인라인,pm(개인형이동장치),주요행사,마라톤,운동시설,야구장,론볼링장,트랙구장,롤러장,자전거공원,외국인,수상시설,수영장/물놀이장,빙상장/눈설매장,전망쉼터,캠핑장,자연학습장,음악분수,키즈랜드,장미원,x게임장,자벌레,달빛무지개,세빛섬,수상무대,"계절,녹음수광장",천상계단,피아노물길,멀티프라자,서울색공원,물빛광장,너플들판테라스,골프장,여의도샛강,여의도시민 요트나루,평화공원브릿지,거울분수,강변물놀이장,강변프롬나드,난지 하늘다리,갈대숲탐장로,꿀벌숲,치유의숲,그라스정원,노들섬,습지생태공원
강서 한강공원,서울,강서구,방화동 47,양천로27길 279-23,2024년 3월 8일 금요일,,,3966,15103,4355,66551,219,504,3400,8226,5561,0,0,0,0,0,303,0,0,0,3422,0,0,0,0,0,0,0,0,0,0,0,0,0,0,0,0,0,0,0,0,0,0,0,0,0,0,0,0,0,0,7532
강서 한강공원,서울,강서구,방화동 47,양천로27길 279-23,2024년 2월 13일 화요일,83,2024년 2월 13일 화요일,3483,13007,4181,34679,91,453,0,8377,6457,0,0,0,0,0,232,0,0,0,6377,0,0,0,0,0,0,0,0,0,0,0,0,0,0,0,0,0,0,0,0,0,0,0,0,0,0,0,0,0,0,11587
강서 한강공원,서울,강서구,방화동 47,양천로27길 279-23,2024년 1월 4일 목요일,83,2024년 1월 4일 목요일,4132,14404,3511,65119,176,325,1500,6342,4577,0,0,0,0,0,390,0,0,0,3920,0,6522,0,0,0,0,0,0,0,0,0,0,0,0,0,0,0,0,0,0,0,0,0,0,0,0,0,0,0,0,0
강서 한강공원,서울,강서구,방화동 47,양천로27길 279-23,2023년 12월 8일 금요일,,,5260,18265,5093,128123,1006,1096,50,10154,9886,0,0,0,0,0,569,0,0,0,5653,0,9654,0,0,0,0,0,0,0,0,0,0,0,0,0,0,0,0,0,0,0,0,0,0,0,0,0,0,0,0,0
강서 한강공원,서울,강서구,방화동 47,양천로27길 279-23,2023년 11월 3일 금요일,,,9840,27620,11689,249692,1686,1944,3030,15341,21212,0,0,0,0,0,1602,0,0,0,15770,0,26006,0,0,0,0,0,0,0,0,0,0,0,0,0,0,0,0,0,0,0,0,0,0,0,0,0,0,0,0,0
강서 한강공원,서울,강서구,방화동 47,양천로27길 279-23,2023년 10월 10일 화요일,,,7965,21420,9145,240790,802,1030,170,29307,16062,0,0,0,0,0,900,0,0,0,6984,0,13908,0,0,0,0,0,0,0,0,0,0,0,0,0,0,0,0,0,0,0,0,0,0,0,0,0,0,0,0,0
강서 한강공원,서울,강서구,방화동 47,양천로27길 279-23,2023년 9월 5일 화요일,,,9595,31696,8892,236487,842,931,220,15653,14898,0,0,0,0,0,779,0,0,0,7251,0,0,0,0,0,0,0,0,0,0,0,0,0,0,0,0,0,0,0,0,0,0,0,0,0,0,0,0,0,0,0
강서 한강공원,서울,강서구,방화동 47,양천로27길 279-23,2023년 8월 8일 화요일,,,8752,22140,9876,164915,827,1914,0,13123,13052,0,0,0,0,0,406,0,0,0,7832,0,5397,0,0,0,0,0,0,0,0,0,0,0,0,0,0,0,0,0,0,0,0,0,0,0,0,0,0,0,0,0
강서 한강공원,서울,강서구,방화동 47,양천로27길 279-23,2023년 7월 12일 수요일,,,9430,26325,11624,299754,948,1301,95,10853,32253,0,0,0,0,0,277,0,0,0,11009,0,0,0,0,0,0,0,0,0,0,0,0,0,0,0,0,0,0,0,0,0,0,0,0,0,0,0,0,0,0,0
강서 한강공원,서울,강서구,방화동 47,양천로27길 279-23,2023년 6월 8일 목요일,,,9971,26050,10415,213104,1067,1332,610,10926,30176,0,0,0,0,0,238,0,0,0,9207,0,0,0,0,0,0,0,0,0,0,0,0,0,0,0,0,0,0,0,0,0,0,0,0,0,0,0,0,0,0,0
강서 한강공원,서울,강서구,방화동 47,양천로27길 279-23,2023년 5월 12일 금요일,66,2023년 5월 12일 금요일,9086,24380,10079,154270,559,853,50,9712,23946,0,0,0,0,0,89,0,0,0,7817,0,0,0,0,0,0,0,0,0,0,0,0,0,0,0,0,0,0,0,0,0,0,0,0,0,0,0,0,0,0,0
강서 한강공원,서울,강서구,방화동 47,양천로27길 279-23,2023년 4월 6일 목요일,,,11270,20962,11237,130675,643,1695,0,12765,23242,0,0,0,0,0,187,0,0,0,7544,0,0,0,0,0,0,0,0,0,0,0,0,0,0,0,0,0,0,0,0,0,0,0,0,0,0,0,0,0,0,0
광나루 한강공원,서울,강동구,암사동 637-6,선사로 83-106,2024년 3월 8일 금요일,,,2840,33780,25450,28680,41,66,0,0,14570,905,0,0,100,6348,53,0,0,0,0,0,6610,0,0,0,0,0,0,0,0,0,0,0,0,0,0,0,0,0,0,0,0,0,0,0,0,0,0,0,0,0
광나루 한강공원,서울,강동구,암사동 637-6,선사로 83-106,2024년 2월 13일 화요일,,,3110,29720,19080,15974,4,111,0,0,11994,20,0,0,0,3292,22,0,0,0,0,0,1954,0,0,0,0,0,0,0,0,0,0,0,0,0,0,0,0,0,0,0,0,0,0,0,0,0,0,0,0,0
광나루 한강공원,서울,강동구,암사동 637-6,선사로 83-106,2024년 1월 4일 목요일,,,2920,22680,12343,16838,38,87,0,0,12167,165,0,0,0,3088,56,0,0,0,0,0,3283,0,0,0,0,0,0,0,0,0,0,0,0,0,0,0,0,0,0,0,0,0,0,0,0,0,0,0,0,0
광나루 한강공원,서울,강동구,암사동 637-6,선사로 83-106,2023년 12월 7일 목요일,,,4810,33430,16955,31871,46,153,400,0,20723,195,0,0,3,5501,108,0,0,0,0,0,4175,0,0,0,0,0,0,0,0,0,0,0,0,0,0,0,0,0,0,0,0,0,0,0,0,0,0,0,0,0
광나루 한강공원,서울,강동구,암사동 637-6,선사로 83-106,2023년 11월 2일 목요일,,,7550,48810,36240,60685,140,274,1600,0,27485,860,0,0,15,12261,254,0,0,0,0,0,15834,0,0,0,0,0,0,0,0,0,0,0,0,0,0,0,0,0,0,0,0,0,0,0,0,0,0,0,0,0
광나루 한강공원,서울,강동구,암사동 637-6,선사로 83-106,2023년 10월 5일 목요일,,,8730,45800,40720,59788,144,166,0,9000,22762,1005,0,0,44,8347,97,0,0,0,0,0,13266,0,0,0,0,0,0,0,0,0,0,0,0,0,0,0,0,0,0,0,0,0,0,0,0,0,0,0,0,0
광나루 한강공원,서울,강동구,암사동 637-6,선사로 83-106,2023년 9월 5일 화요일,,,7760,44470,40112,46934,90,116,2200,18,19619,960,0,0,20,8824,73,0,30270,0,0,0,4170,0,0,0,0,0,0,0,0,0,0,0,0,0,0,0,0,0,0,0,0,0,0,0,0,0,0,0,0,0
광나루 한강공원,서울,강동구,암사동 637-6,선사로 83-106,2023년 8월 10일 목요일,,,6590,36211,37090,38335,18,179,0,8,20270,50,0,0,25,5898,34,0,35665,0,0,0,0,0,0,0,0,0,0,0,0,0,0,0,0,0,0,0,0,0,0,0,0,0,0,0,0,0,0,0,0,0
광나루 한강공원,서울,강동구,암사동 637-6,선사로 83-106,2023년 7월 12일 수요일,,,6520,58990,41090,65060,163,213,0,10,38715,275,0,0,120,9625,187,0,3502,0,0,0,0,0,0,0,0,0,0,0,0,0,0,0,0,0,0,0,0,0,0,0,0,0,0,0,0,0,0,0,0,0
광나루 한강공원,서울,강동구,암사동 637-6,선사로 83-106,2023년 6월 8일 목요일,,,4260,70370,33220,73475,353,186,1600,58,37670,300,0,0,87,10973,136,0,0,0,0,0,0,0,0,0,0,0,0,0,0,0,0,0,0,0,0,0,0,0,0,0,0,0,0,0,0,0,0,0,0,0
광나루 한강공원,서울,강동구,암사동 637-6,선사로 83-106,2023년 5월 11일 목요일,66,2023년 5월 12일 금요일,4070,55720,35221,58890,83,154,0,870,40894,165,0,0,25,10923,63,0,0,0,0,0,0,0,0,0,0,0,0,0,0,0,0,0,0,0,0,0,0,0,0,0,0,0,0,0,0,0,0,0,0,0
광나루 한강공원,서울,강동구,암사동 637-6,선사로 83-106,2023년 4월 6일 목요일,,,5890,62830,29620,57855,143,222,3200,550,47385,385,0,0,0,16793,122,0,0,0,0,0,0,0,0,0,0,0,0,0,0,0,0,0,0,0,0,0,0,0,0,0,0,0,0,0,0,0,0,0,0,0
난지 한강공원,서울,마포구,상암동 495-81,한강난지로 22,2024년 3월 8일 금요일,83,2024년 3월 8일 금요일,5637,13579,18300,27046,411,552,0,7465,11425,284,0,0,0,6617,1869,963,0,0,0,5783,0,0,0,0,0,0,0,0,0,0,0,0,0,0,0,0,0,0,0,11215,10542,4,9157,9500,8432,0,0,0,0,0
난지 한강공원,서울,마포구,상암동 495-81,한강난지로 22,2024년 2월 13일 화요일,,,6964,15679,17540,23012,418,542,0,7450,12336,0,0,0,0,5486,2068,1302,0,0,0,3979,0,0,0,0,0,0,0,0,0,0,0,0,0,0,0,0,0,0,0,12394,11641,0,10571,11242,10084,0,0,0,0,0
난지 한강공원,서울,마포구,상암동 495-81,한강난지로 22,2024년 1월 4일 목요일,,,8363,20175,21972,53766,540,670,0,8402,14408,110,0,0,0,6413,2202,1077,0,0,0,5697,0,0,0,0,0,0,0,0,0,0,0,0,0,0,0,0,0,0,0,14911,12886,0,11021,12844,8990,0,0,0,0,0
난지 한강공원,서울,마포구,상암동 495-81,한강난지로 22,2023년 12월 8일 금요일,83,2023년 12월 8일 금요일,9953,24442,29646,77537,793,818,0,20481,19378,587,0,0,0,11389,2775,2369,0,0,0,9474,0,0,0,0,0,0,0,0,0,0,0,0,0,0,0,0,0,0,0,20030,17383,7,14482,15986,13662,0,0,0,0,0
난지 한강공원,서울,마포구,상암동 495-81,한강난지로 22,2023년 11월 3일 금요일,83,2023년 11월 3일 금요일,10926,26455,40665,85700,778,1009,9700,11514,19549,835,0,0,0,11948,2679,3799,0,0,0,15941,0,0,0,0,0,0,0,0,0,0,0,0,0,0,0,0,0,0,0,19708,14823,0,13818,16849,10996,0,0,0,0,0
난지 한강공원,서울,마포구,상암동 495-81,한강난지로 22,2023년 10월 10일 화요일,83,2023년 10월 10일 화요일,8447,19281,31562,65928,692,820,69770,8529,13065,920,0,0,0,6907,1917,3514,0,0,0,12389,0,0,0,0,0,0,0,0,0,0,0,0,0,0,0,0,0,0,0,26278,10643,38,8563,25883,7692,0,0,0,0,0
난지 한강공원,서울,마포구,상암동 495-81,한강난지로 22,2023년 9월 5일 화요일,83,2023년 9월 5일 화요일,16624,16624,16625,55090,885,997,0,9053,14168,790,0,0,0,5475,2228,3779,0,0,0,8279,0,0,0,0,0,0,0,0,0,0,0,0,0,0,0,0,0,0,0,13117,11126,20710,8314,15031,6871,0,0,0,0,0
난지 한강공원,서울,마포구,상암동 495-81,한강난지로 22,2023년 8월 9일 수요일,,,10702,24353,23468,38692,861,1052,0,5389,12102,912,0,0,0,3594,1751,2161,0,0,0,7171,0,0,0,0,0,0,0,0,0,0,0,0,0,0,0,0,0,0,0,11819,9890,12103,7969,12902,7338,0,0,0,0,0
난지 한강공원,서울,마포구,상암동 495-81,한강난지로 22,2023년 7월 12일 수요일,,,13895,28889,21507,50711,1399,1041,21460,5176,13935,1401,0,0,0,7193,1918,4600,0,0,0,11411,0,0,0,0,0,0,0,0,0,0,0,0,0,0,0,0,0,0,0,16149,13106,3054,10726,19891,11727,0,0,0,0,0
난지 한강공원,서울,마포구,상암동 495-81,한강난지로 22,2023년 6월 8일 목요일,66,2023년 6월 8일 목요일,7745,19060,20463,37064,548,488,44910,3737,8464,825,0,0,0,4927,963,1751,0,0,0,11197,0,0,0,0,0,0,0,0,0,0,0,0,0,0,0,0,0,0,0,10002,7154,92,5737,13556,4151,0,0,0,0,0
난지 한강공원,서울,마포구,상암동 495-81,한강난지로 22,2023년 5월 12일 금요일,,,9739,35117,13695,31299,578,556,51750,3251,9856,495,0,0,0,3985,835,900,0,0,0,11060,0,0,0,0,0,0,0,0,0,0,0,0,0,0,0,0,0,0,0,9710,7211,0,6115,11291,4564,0,0,0,0,0
난지 한강공원,서울,마포구,상암동 495-81,한강난지로 22,2023년 4월 6일 목요일,,,6092,20830,14382,38456,652,697,9,3604,9541,480,0,0,0,4265,650,764,0,0,0,11848,0,0,0,0,0,0,0,0,0,0,0,0,0,0,0,0,0,0,0,7658,6883,0,5790,7221,4258,0,0,0,0,0
뚝섬 한강공원,서울,광진구,자양동 427-1,강변북로 2273,2024년 3월 8일 금요일,83,2024년 3월 8일 금요일,13100,167450,187420,63060,1287,1545,5700,12415,179790,0,0,0,0,0,2848,470,0,13900,0,0,0,4185,2700,44990,3990,0,0,0,0,0,0,0,0,0,0,0,0,0,0,0,0,0,0,0,0,0,0,0,0,0
뚝섬 한강공원,서울,광진구,자양동 427-1,강변북로 2273,2024년 2월 13일 화요일,83,2024년 2월 13일 화요일,13850,153600,183540,46290,1315,1605,0,10875,170650,0,0,0,0,0,3185,535,0,46250,0,0,0,3800,2560,51370,5315,0,0,0,0,0,0,0,0,0,0,0,0,0,0,0,0,0,0,0,0,0,0,0,0,0
뚝섬 한강공원,서울,광진구,자양동 427-1,강변북로 2273,2024년 1월 4일 목요일,,,9670,148040,199200,110750,1758,2019,30401,14340,188520,0,0,0,0,0,3267,1060,0,18634,0,0,0,4471,2861,58250,3692,0,0,0,0,0,0,0,0,0,0,0,0,0,0,0,0,0,0,0,0,0,0,0,0,0
뚝섬 한강공원,서울,광진구,자양동 427-1,강변북로 2273,2023년 12월 7일 목요일,83,2023년 12월 7일 목요일,15500,155990,212240,134550,2358,2637,11380,20065,218960,0,0,0,0,0,3680,2085,0,0,0,0,0,4965,2961,67980,5567,0,0,0,0,0,0,0,0,0,0,0,0,0,0,0,0,0,0,0,0,0,0,0,0,0
뚝섬 한강공원,서울,광진구,자양동 427-1,강변북로 2273,2023년 11월 2일 목요일,,,27600,215200,312080,228160,3535,3630,148400,28545,295050,0,0,0,0,0,7572,5021,0,0,0,0,0,9975,5142,90080,8840,0,0,0,0,0,0,0,0,0,0,0,0,0,0,0,0,0,0,0,0,0,0,0,0,0
뚝섬 한강공원,서울,광진구,자양동 427-1,강변북로 2273,2023년 10월 5일 목요일,,,10000,210300,351300,183570,2415,2589,38758,21565,272350,0,0,0,0,0,4925,3720,2640,0,0,0,0,10455,3063,71470,6370,0,0,0,0,0,0,0,0,0,0,0,0,0,0,0,0,0,0,0,0,0,0,0,0,0
뚝섬 한강공원,서울,광진구,자양동 427-1,강변북로 2273,2023년 9월 5일 화요일,,,9050,161250,214420,138880,2170,2455,1500,15375,225730,0,0,0,0,0,5060,4420,31500,0,0,0,0,8880,1893,63015,5790,5200,0,0,0,0,0,0,0,0,0,0,0,0,0,0,0,0,0,0,0,0,0,0,0,0
뚝섬 한강공원,서울,광진구,자양동 427-1,강변북로 2273,2023년 8월 10일 목요일,,,5550,93760,136860,88373,1540,1886,0,9665,111215,0,0,0,0,0,2495,2670,34820,0,0,0,0,5770,1750,38705,3014,4600,0,0,0,0,0,0,0,0,0,0,0,0,0,0,0,0,0,0,0,0,0,0,0,0
뚝섬 한강공원,서울,광진구,자양동 427-1,강변북로 2273,2023년 7월 12일 수요일,,,6400,137450,231670,149190,2843,3195,2800,15780,193390,0,0,0,0,0,3910,5515,11800,0,0,0,0,9425,3875,63360,5200,5530,0,0,0,0,0,0,0,0,0,0,0,0,0,0,0,0,0,0,0,0,0,0,0,0
뚝섬 한강공원,서울,광진구,자양동 427-1,강변북로 2273,2023년 6월 8일 목요일,,,5700,214580,302240,170075,3115,3580,56200,21405,204535,0,0,0,0,0,5065,5500,0,0,0,0,0,34640,4380,66565,5605,5400,0,0,0,0,0,0,0,0,0,0,0,0,0,0,0,0,0,0,0,0,0,0,0,0
뚝섬 한강공원,서울,광진구,자양동 427-1,강변북로 2273,2023년 5월 12일 금요일,,,8000,151720,173720,121895,2325,2735,7500,11489,167580,0,0,0,0,0,3490,1726,0,0,0,0,0,4740,2833,46650,5443,5200,0,0,0,0,0,0,0,0,0,0,0,0,0,0,0,0,0,0,0,0,0,0,0,0
뚝섬 한강공원,서울,광진구,자양동 427-1,강변북로 2273,2023년 4월 6일 목요일,66,2023년 4월 6일 목요일,4600,205910,201100,90050,2987,3270,1800,13280,211145,0,0,0,0,0,3360,680,0,0,0,0,0,4000,3687,54035,6205,5450,0,0,0,0,0,0,0,0,0,0,0,0,0,0,0,0,0,0,0,0,0,0,0,0
망원 한강공원,서울,마포구,망원동 205-4,마포나루길 467,2024년 3월 8일 금요일,,,12510,20520,58457,54670,2706,2822,0,27751,38733,995,0,0,0,0,4639,37,0,0,0,0,0,0,0,0,0,0,0,0,0,0,0,0,0,0,0,0,0,0,0,0,0,0,0,0,0,0,0,0,0,0
망원 한강공원,서울,마포구,망원동 205-4,마포나루길 467,2024년 2월 13일 화요일,,,14037,23595,60271,59337,1166,3095,0,26652,41366,613,0,0,0,0,5994,0,0,0,0,0,0,0,0,0,0,0,0,0,0,0,0,0,0,0,0,0,0,0,0,0,0,0,0,0,0,0,0,0,0,0
망원 한강공원,서울,마포구,망원동 205-4,마포나루길 467,2024년 1월 4일 목요일,,,12618,19985,61456,53516,1404,2409,0,19182,31866,1235,0,0,0,0,5352,7,0,0,0,0,0,0,0,0,0,0,0,0,0,0,0,0,0,0,0,0,0,0,0,0,0,0,0,0,0,0,0,0,0,0
망원 한강공원,서울,마포구,망원동 205-4,마포나루길 467,2023년 12월 8일 금요일,,,18123,26933,65647,70259,1124,2350,700,22429,37075,1480,0,0,0,0,4286,265,0,0,0,0,0,0,0,0,0,0,0,0,0,0,0,0,0,0,0,0,0,0,0,0,0,0,0,0,0,0,0,0,0,0
망원 한강공원,서울,마포구,망원동 205-4,마포나루길 467,2023년 11월 2일 목요일,83,2023년 11월 2일 목요일,12395,17985,63505,61135,603,1786,720,12880,28911,1505,0,0,0,0,3674,219,0,0,0,0,0,0,0,0,0,0,0,0,0,0,0,0,0,0,0,0,0,0,0,0,0,0,0,0,0,0,0,0,0,0
망원 한강공원,서울,마포구,망원동 205-4,마포나루길 467,2023년 10월 10일 화요일,,,9895,14630,50317,52955,172,1207,410,12279,27732,1335,0,0,0,0,2279,405,0,0,0,0,0,0,0,0,0,0,0,0,0,0,0,0,0,0,0,0,0,0,0,0,0,0,0,0,0,0,0,0,0,0
망원 한강공원,서울,마포구,망원동 205-4,마포나루길 467,2023년 9월 5일 화요일,,,8875,10002,43540,45998,140,892,0,8993,22536,1134,0,0,0,0,1436,337,0,0,0,0,0,0,0,0,0,0,0,0,0,0,0,0,0,0,0,0,0,0,0,0,0,0,0,0,0,0,0,0,0,0
망원 한강공원,서울,마포구,망원동 205-4,마포나루길 467,2023년 8월 8일 화요일,,,12123,15303,31383,41384,143,744,0,10503,24330,760,0,0,0,0,1327,0,0,0,0,0,0,0,0,0,0,0,0,0,0,0,0,0,0,0,0,0,0,0,0,0,0,0,0,0,0,0,0,0,0,0
망원 한강공원,서울,마포구,망원동 205-4,마포나루길 467,2023년 7월 12일 수요일,66,2023년 7월 12일 수요일,17090,30395,55020,70369,296,1676,0,14163,37060,1253,0,0,0,0,2367,575,0,0,0,0,0,0,0,0,0,0,0,0,0,0,0,0,0,0,0,0,0,0,0,0,0,0,0,0,0,0,0,0,0,0
망원 한강공원,서울,마포구,망원동 205-4,마포나루길 467,2023년 6월 8일 목요일,,,19405,37905,53835,68960,421,1904,6,13210,46371,1337,0,0,0,0,2618,496,0,0,0,0,0,0,0,0,0,0,0,0,0,0,0,0,0,0,0,0,0,0,0,0,0,0,0,0,0,0,0,0,0,0
망원 한강공원,서울,마포구,망원동 205-4,마포나루길 467,2023년 5월 12일 금요일,66,2023년 5월 12일 금요일,19440,39165,46430,71122,310,2448,4,15692,32188,1331,0,0,0,0,2701,674,0,0,0,0,0,0,0,0,0,0,0,0,0,0,0,0,0,0,0,0,0,0,0,0,0,0,0,0,0,0,0,0,0,0
망원 한강공원,서울,마포구,망원동 205-4,마포나루길 467,2023년 4월 6일 목요일,,,26450,57740,61880,82049,534,3026,3,18332,46283,1181,0,0,0,0,3483,485,0,0,0,0,0,0,0,0,0,0,0,0,0,0,0,0,0,0,0,0,0,0,0,0,0,0,0,0,0,0,0,0,0,0
반포 한강공원,서울,서초구,반포동 115-5,신반포로11길 40,2024년 3월 8일 금요일,,,20965,102300,146595,175053,377,149,0,6377,17474,0,0,0,0,0,5219,0,0,0,0,0,0,0,0,0,0,0,29140,110408,0,0,0,0,0,0,0,0,0,0,0,0,0,0,0,0,0,0,0,0,0,0
반포 한강공원,서울,서초구,반포동 115-5,신반포로11길 40,2024년 2월 13일 화요일,,,12700,38150,22055,39605,284,37,0,2150,9485,0,0,0,0,0,2121,0,0,0,0,0,0,0,0,0,0,0,3720,21981,0,0,0,0,0,0,0,0,0,0,0,0,0,0,0,0,0,0,0,0,0,0
반포 한강공원,서울,서초구,반포동 115-5,신반포로11길 40,2024년 1월 4일 목요일,83,2024년 1월 4일 목요일,25190,119600,101400,160547,453,392,0,1974,37204,0,0,0,0,0,4532,0,0,0,0,0,0,0,0,0,0,0,38730,137790,0,0,0,0,0,0,0,0,0,0,0,0,0,0,0,0,0,0,0,0,0,0
반포 한강공원,서울,서초구,반포동 115-5,신반포로11길 40,2023년 12월 7일 목요일,,,13650,62400,114310,144030,625,147,0,1115,34990,0,0,0,0,0,6276,0,0,0,0,0,0,0,0,0,0,0,45290,100440,0,0,0,0,0,0,0,0,0,0,0,0,0,0,0,0,0,0,0,0,0,0
반포 한강공원,서울,서초구,반포동 115-5,신반포로11길 40,2023년 11월 2일 목요일,,,31700,166430,718200,328350,1265,330,1000,3405,91210,0,0,0,0,0,24030,0,0,0,0,0,0,0,0,0,0,0,463880,659560,0,0,0,0,0,0,0,0,0,0,0,0,0,0,0,0,0,0,0,0,0,0
반포 한강공원,서울,서초구,반포동 115-5,신반포로11길 40,2023년 10월 5일 목요일,,,16150,117030,521470,212550,510,470,1200,830,54875,0,0,0,0,0,18411,0,0,0,0,0,0,0,0,0,0,0,291740,284310,0,0,0,0,0,0,0,0,0,0,0,0,0,0,0,0,0,0,0,0,0,0
반포 한강공원,서울,서초구,반포동 115-5,신반포로11길 40,2023년 9월 5일 화요일,,,12590,87900,244200,190198,760,675,8000,26585,69780,0,0,0,0,0,15493,0,0,0,0,0,0,0,0,0,0,0,235960,217930,0,0,0,0,0,0,0,0,0,0,0,0,0,0,0,0,0,0,0,0,0,0
반포 한강공원,서울,서초구,반포동 115-5,신반포로11길 40,2023년 8월 10일 목요일,,,17750,53490,229550,247546,0,5317,0,0,30490,0,0,0,0,0,13100,0,0,0,0,0,0,0,0,0,0,0,24350,112800,0,0,0,0,0,0,0,0,0,0,0,0,0,0,0,0,0,0,0,0,0,0
반포 한강공원,서울,서초구,반포동 115-5,신반포로11길 40,2023년 7월 12일 수요일,,,69550,296100,734100,371850,0,3089,75475,0,64155,0,0,0,0,0,34275,0,0,0,0,0,0,0,0,0,0,0,117940,170085,0,0,0,0,0,0,0,0,0,0,0,0,0,0,0,0,0,0,0,0,0,0
반포 한강공원,서울,서초구,반포동 115-5,신반포로11길 40,2023년 6월 8일 목요일,,,72340,303100,640835,272750,535,3475,49300,290,65175,0,0,0,0,0,32601,0,0,0,0,0,0,0,0,0,0,0,176050,252000,0,0,0,0,0,0,0,0,0,0,0,0,0,0,0,0,0,0,0,0,0,0
반포 한강공원,서울,서초구,반포동 115-5,신반포로11길 40,2023년 5월 12일 금요일,,,70400,273700,360790,377060,0,6456,0,6700,107090,0,0,0,0,0,25624,0,0,0,0,0,0,0,0,0,0,0,36640,229628,0,0,0,0,0,0,0,0,0,0,0,0,0,0,0,0,0,0,0,0,0,0
반포 한강공원,서울,서초구,반포동 115-5,신반포로11길 40,2023년 4월 6일 목요일,66,2023년 4월 6일 목요일,41970,137250,213465,20111,648,6089,0,1840,77169,0,0,0,0,0,12593,0,0,0,0,0,0,0,0,0,0,0,14030,114870,0,0,0,0,0,0,0,0,0,0,0,0,0,0,0,0,0,0,0,0,0,0
양화 한강공원,서울,영등포구,당산동 98-1,노들로 221,2024년 3월 8일 금요일,,,11150,33940,32050,60884,0,1808,0,22253,27876,0,0,0,0,0,671,0,0,0,0,0,0,0,0,0,0,0,0,0,0,0,0,0,0,0,0,0,0,0,0,0,0,0,0,0,0,0,0,0,0,0
양화 한강공원,서울,영등포구,당산동 98-1,노들로 221,2024년 2월 13일 화요일,,,6538,34226,35794,64173,0,2015,0,14688,22642,0,0,0,0,0,704,0,0,0,0,0,0,0,0,0,0,0,0,0,0,0,0,0,0,0,0,0,0,0,0,0,0,0,0,0,0,0,0,0,0,0
양화 한강공원,서울,영등포구,당산동 98-1,노들로 221,2024년 1월 4일 목요일,,,13641,31031,33126,54431,0,2248,2400,14527,19988,0,0,0,0,0,810,0,0,0,0,0,0,0,0,0,0,0,0,0,0,0,0,0,0,0,0,0,0,0,0,0,0,0,0,0,0,0,0,0,0,0
양화 한강공원,서울,영등포구,당산동 98-1,노들로 221,2023년 12월 8일 금요일,,,0,65576,49361,88245,0,4580,0,21795,27491,0,0,0,0,0,537,0,0,0,0,0,0,0,0,0,0,0,0,0,0,0,0,0,0,0,0,0,0,0,0,0,0,0,0,0,0,0,0,0,0,0
양화 한강공원,서울,영등포구,당산동 98-1,노들로 221,2023년 11월 3일 금요일,,,0,149499,350177,133668,0,2809,0,853,76360,0,0,0,0,0,5413,0,0,0,0,0,0,0,0,0,0,0,0,0,0,0,0,0,0,0,0,0,0,0,0,0,0,0,0,0,0,0,0,0,0,0
양화 한강공원,서울,영등포구,당산동 98-1,노들로 221,2023년 10월 10일 화요일,,,0,66262,91295,102351,0,2609,0,823,48330,0,0,0,0,0,398,0,0,0,0,0,0,0,0,0,0,0,0,0,0,0,0,0,0,0,0,0,0,0,0,0,0,0,0,0,0,0,0,0,0,0
양화 한강공원,서울,영등포구,당산동 98-1,노들로 221,2023년 9월 5일 화요일,,,0,78660,84849,67955,640,3700,0,2580,63215,0,0,0,0,0,430,0,4293,0,0,0,0,0,0,0,0,0,0,0,0,0,0,0,0,0,0,0,0,0,0,0,0,0,0,0,0,0,0,0,0,0
양화 한강공원,서울,영등포구,당산동 98-1,노들로 221,2023년 8월 10일 목요일,,,0,91499,96291,55071,200,5201,0,2620,72234,0,0,0,0,0,770,0,4686,0,0,0,0,0,0,0,0,0,0,0,0,0,0,0,0,0,0,0,0,0,0,0,0,0,0,0,0,0,0,0,0,0
양화 한강공원,서울,영등포구,당산동 98-1,노들로 221,2023년 7월 12일 수요일,,,81396,94250,59126,51020,6855,3179,0,6735,0,0,0,0,0,0,630,0,638,0,0,0,0,0,0,0,0,0,0,0,0,0,0,0,0,0,0,0,0,0,0,0,0,0,0,0,0,0,0,0,0,0
양화 한강공원,서울,영등포구,당산동 98-1,노들로 221,2023년 6월 8일 목요일,,,73890,86637,77425,56600,2204,2020,0,12690,6500,0,0,0,0,0,2455,0,0,0,0,0,0,0,0,0,0,0,0,0,0,0,0,0,0,0,0,0,0,0,0,0,0,0,0,0,0,0,0,0,0,0
양화 한강공원,서울,영등포구,당산동 98-1,노들로 221,2023년 5월 12일 금요일,,,88726,85901,53625,65400,4616,4296,0,336,0,0,0,0,0,0,240,0,0,0,0,0,0,0,0,0,0,0,0,0,0,0,0,0,0,0,0,0,0,0,0,0,0,0,0,0,0,0,0,0,0,0
양화 한강공원,서울,영등포구,당산동 98-1,노들로 221,2023년 4월 6일 목요일,,,40936,43011,37220,53306,2144,0,0,0,0,0,0,0,0,0,1696,0,0,0,0,0,0,0,0,0,0,0,0,0,0,0,0,0,0,0,0,0,0,0,0,0,0,0,0,0,0,0,0,0,0,0
여의도 한강공원,서울,영등포구,여의도동 85-1,여의동로 280,2024년 3월 8일 금요일,,,3150,23920,29360,22350,0,0,0,21210,12125,0,0,0,0,0,6075,0,0,0,0,0,0,0,0,0,0,0,0,0,0,13525,450,9720,20795,6685,7685,7740,0,29200,0,0,0,0,0,0,0,0,0,0,0,0
여의도 한강공원,서울,영등포구,여의도동 85-1,여의동로 280,2024년 2월 13일 화요일,83,2024년 2월 13일 화요일,4270,35940,43388,21668,2100,0,0,15539,18316,0,0,0,0,0,12984,3260,61850,0,0,0,0,0,0,0,0,0,0,0,0,17126,450,11812,18323,6690,12041,12655,0,29376,6622,0,0,0,0,0,0,0,0,0,0,0
여의도 한강공원,서울,영등포구,여의도동 85-1,여의동로 280,2024년 1월 4일 목요일,83,2024년 1월 4일 목요일,3140,28213,42220,23449,2288,0,0,18875,17480,0,0,0,0,0,17013,0,9320,0,0,0,0,0,0,0,0,0,0,0,0,22105,55090,18545,29470,8067,15575,21511,0,27757,11148,0,0,0,0,0,0,0,0,0,0,0
여의도 한강공원,서울,영등포구,여의도동 85-1,여의동로 280,2023년 12월 8일 금요일,83,2023년 12월 11일 월요일,4340,51520,72330,33110,4110,0,0,24761,24180,0,0,0,0,0,16665,0,0,0,0,0,0,0,0,0,0,0,0,0,47025,40870,64355,34825,39915,11047,31040,33690,10410,37220,19192,0,0,0,0,0,0,0,0,0,0,0
여의도 한강공원,서울,영등포구,여의도동 85-1,여의동로 280,2023년 11월 3일 금요일,83,2023년 12월 11일 월요일,15310,109070,1228500,46240,5792,0,0,35305,38460,0,0,0,0,0,29705,0,0,0,0,0,0,0,0,0,0,0,0,0,147550,122695,175410,53075,120080,21707,82325,113400,9130,53735,32130,0,0,0,0,0,0,0,0,0,0,0
여의도 한강공원,서울,영등포구,여의도동 85-1,여의동로 280,2023년 10월 10일 화요일,83,2023년 10월 10일 화요일,9470,57520,181170,62475,8999,0,0,33650,41850,0,0,0,0,0,51581,0,400,0,0,0,0,0,0,0,0,0,0,0,6610,63405,198260,49300,105050,26883,65390,85740,9750,84780,39700,0,0,0,0,0,0,0,0,0,0,0
여의도 한강공원,서울,영등포구,여의도동 85-1,여의동로 280,2023년 9월 5일 화요일,83,2023년 9월 5일 화요일,8030,27180,99720,11240,21666,0,30795,37750,25955,0,0,0,0,0,8662,52630,61820,0,0,0,0,0,0,0,0,0,0,0,23722,14400,47079,7860,37454,56030,27970,11367,1080,20642,0,0,0,0,0,0,0,0,0,0,0,0
여의도 한강공원,서울,영등포구,여의도동 85-1,여의동로 280,2023년 8월 8일 화요일,,,5530,61230,80421,32290,1985,0,0,15800,18506,0,0,0,0,0,17110,0,29665,0,0,0,0,0,0,0,0,0,0,0,0,33823,64068,17481,41266,11112,28003,35889,1080,32001,0,0,0,0,0,0,0,0,0,0,0,0
여의도 한강공원,서울,영등포구,여의도동 85-1,여의동로 280,2023년 7월 12일 수요일,66,2023년 7월 12일 수요일,15520,256820,526320,46970,2610,0,205500,30080,21340,0,0,0,0,0,329220,0,11530,0,0,0,0,0,0,0,0,0,0,0,0,107880,180785,35282,75460,13365,58380,47920,10922,49880,0,0,0,0,0,0,0,0,0,0,0,0
여의도 한강공원,서울,영등포구,여의도동 85-1,여의동로 280,2023년 6월 8일 목요일,,,4715,294430,379960,50460,2990,0,16500,31490,17802,0,0,0,0,0,19440,0,0,0,0,0,0,0,0,0,0,0,0,0,1410,53740,156850,27856,90115,11425,42355,46385,12180,54020,0,0,0,0,0,0,0,0,0,0,0,0
여의도 한강공원,서울,영등포구,여의도동 85-1,여의동로 280,2023년 5월 12일 금요일,,,39000,177695,193105,65045,2763,0,28865,47823,38171,0,0,0,0,0,18865,0,0,0,0,0,0,0,0,0,0,0,0,0,0,73220,173588,28534,86383,11350,25540,37410,14790,53505,0,0,0,0,0,0,0,0,0,0,0,0
여의도 한강공원,서울,영등포구,여의도동 85-1,여의동로 280,2023년 4월 6일 목요일,,,52300,162600,231965,43715,1035,0,0,21222,18383,0,0,0,0,0,14459,15,110,0,0,0,0,0,0,0,0,0,0,0,0,41415,118260,19944,72327,11125,16900,18200,0,44780,0,0,0,0,0,0,0,0,0,0,0,0
이촌 한강공원,서울,용산구,이촌동 302-17,이촌로72길 62,2024년 3월 8일 금요일,,,5145,47990,37857,74775,0,446,0,1550,28691,0,0,0,0,0,5440,0,0,0,0,0,0,0,0,0,0,0,0,0,0,0,0,0,0,0,0,0,0,0,0,0,0,0,0,0,0,0,0,0,19198,0
이촌 한강공원,서울,용산구,이촌동 302-17,이촌로72길 62,2024년 2월 13일 화요일,,,3605,36805,24360,34045,12,91,100,2438,25310,0,0,0,0,0,5479,0,0,0,0,0,0,0,0,0,0,0,0,0,0,0,0,0,0,0,0,0,0,0,0,0,0,0,0,0,0,0,0,0,15362,0
이촌 한강공원,서울,용산구,이촌동 302-17,이촌로72길 62,2024년 1월 4일 목요일,,,4435,39885,26277,42243,9,84,0,2032,24780,0,0,0,0,0,6878,0,0,0,0,0,15923,0,0,0,0,0,0,0,0,0,0,0,0,0,0,0,0,0,0,0,0,0,0,0,0,0,0,0,0,0
이촌 한강공원,서울,용산구,이촌동 302-17,이촌로72길 62,2023년 12월 7일 목요일,,,5880,59190,37315,89985,98,279,500,6009,38890,0,0,0,0,0,12332,0,0,0,0,0,23417,0,0,0,0,0,0,0,0,0,0,0,0,0,0,0,0,0,0,0,0,0,0,0,0,0,0,0,0,0
이촌 한강공원,서울,용산구,이촌동 302-17,이촌로72길 62,2023년 11월 3일 금요일,,,8975,167121,173620,95768,262,458,2750,11800,49917,0,0,0,0,0,22609,0,0,0,0,0,39730,0,0,0,0,0,0,0,0,0,0,0,0,0,0,0,0,0,0,0,0,0,0,0,0,0,0,0,0,0
이촌 한강공원,서울,용산구,이촌동 302-17,이촌로72길 62,2023년 10월 6일 금요일,,,6979,53706,73890,114954,249,428,1200,10654,47425,0,0,0,0,0,16848,0,0,0,0,0,31835,0,0,0,0,0,0,0,0,0,0,0,0,0,0,0,0,0,0,0,0,0,0,0,0,0,0,0,0,0
이촌 한강공원,서울,용산구,이촌동 302-17,이촌로72길 62,2023년 9월 5일 화요일,,,9270,81930,73790,95290,285,427,0,7625,37143,0,0,0,0,0,13081,0,0,0,0,0,0,0,0,0,0,0,0,0,0,0,0,0,0,0,0,0,0,0,0,0,0,0,0,0,0,0,0,0,0,0
이촌 한강공원,서울,용산구,이촌동 302-17,이촌로72길 62,2023년 8월 9일 수요일,,,5578,42215,40781,75099,110,276,5000,4791,32826,0,0,0,0,0,9683,0,0,0,0,0,0,0,0,0,0,0,0,0,0,0,0,0,0,0,0,0,0,0,0,0,0,0,0,0,0,0,0,0,0,0
이촌 한강공원,서울,용산구,이촌동 302-17,이촌로72길 62,2023년 7월 12일 수요일,66,2023년 7월 12일 수요일,9157,81451,110576,109495,103,357,2100,7091,48511,0,0,0,0,0,14534,0,0,0,0,0,0,0,0,0,0,0,0,0,0,0,0,0,0,0,0,0,0,0,0,0,0,0,0,0,0,0,0,0,0,0
이촌 한강공원,서울,용산구,이촌동 302-17,이촌로72길 62,2023년 6월 8일 목요일,,,6780,89224,76348,123187,192,416,0,6956,47890,0,0,0,0,0,9664,0,0,0,0,0,0,0,0,0,0,0,0,0,0,0,0,0,0,0,0,0,0,0,0,0,0,0,0,0,0,0,0,0,0,0
이촌 한강공원,서울,용산구,이촌동 302-17,이촌로72길 62,2023년 5월 12일 금요일,,,6318,88821,65770,106377,147,500,3750,8652,43952,0,0,0,0,0,8942,0,0,0,0,0,0,0,0,0,0,0,0,0,0,0,0,0,0,0,0,0,0,0,0,0,0,0,0,0,0,0,0,0,0,0
이촌 한강공원,서울,용산구,이촌동 302-17,이촌로72길 62,2023년 4월 6일 목요일,66,2023년 4월 6일 목요일,7418,90840,58887,114278,270,869,1160,8128,50365,0,0,0,0,0,7378,0,0,0,0,0,0,0,0,0,0,0,0,0,0,0,0,0,0,0,0,0,0,0,0,0,0,0,0,0,0,0,0,0,0,0
잠실 한강공원,서울,송파구,잠실동 1-1,한가람로 65,2024년 3월 8일 금요일,,,9820,41340,49010,96645,155,165,0,16300,12920,0,658,0,0,0,1319,0,0,0,0,0,0,0,0,0,0,0,0,0,0,0,0,0,0,0,0,0,0,0,0,0,0,0,0,0,0,0,0,0,0,0
잠실 한강공원,서울,송파구,잠실동 1-1,한가람로 65,2024년 2월 13일 화요일,,,0,0,0,0,0,0,0,0,0,0,0,0,0,0,0,0,0,0,0,0,0,0,0,0,0,0,0,0,0,0,0,0,0,0,0,0,0,0,0,0,0,0,0,0,0,0,0,0,0,0
잠실 한강공원,서울,송파구,잠실동 1-1,한가람로 65,2024년 2월 13일 화요일,83,2024년 2월 13일 화요일,8100,37620,43260,60055,65,315,0,10298,11133,55,767,0,0,0,890,0,0,0,0,2460,0,0,0,0,0,0,0,0,0,0,0,0,0,0,0,0,0,0,0,0,0,0,0,0,0,0,0,0,0,0
잠실 한강공원,서울,송파구,잠실동 1-1,한가람로 65,2024년 1월 4일 목요일,83,2024년 1월 4일 목요일,12170,36980,35130,95015,248,505,0,5435,9574,90,220,0,0,0,1367,110,0,0,0,0,0,0,0,0,0,0,0,0,0,0,0,0,0,0,0,0,0,0,0,0,0,0,0,0,0,0,0,0,0,0
잠실 한강공원,서울,송파구,잠실동 1-1,한가람로 65,2023년 12월 7일 목요일,,,18200,52420,38820,157143,318,825,1700,7716,15395,0,514,0,0,0,1588,0,0,0,0,0,0,0,0,0,0,0,0,0,0,0,0,0,0,0,0,0,0,0,0,0,0,0,0,0,0,0,0,0,0,0
잠실 한강공원,서울,송파구,잠실동 1-1,한가람로 65,2023년 11월 3일 금요일,,,27860,107730,98010,357760,508,1450,4400,26484,29034,0,1851,0,0,0,4745,0,0,0,0,0,0,0,0,0,0,0,0,0,0,0,0,0,0,0,0,0,0,0,0,0,0,0,0,0,0,0,0,0,0,0
잠실 한강공원,서울,송파구,잠실동 1-1,한가람로 65,2023년 10월 5일 목요일,,,31730,87800,112670,325500,222,1746,0,17731,26160,1410,2054,0,0,0,3055,0,0,0,0,0,0,0,0,0,0,0,0,0,0,0,0,0,0,0,0,0,0,0,0,0,0,0,0,0,0,0,0,0,0,0
잠실 한강공원,서울,송파구,잠실동 1-1,한가람로 65,2023년 9월 5일 화요일,,,21360,51140,91870,230166,45,981,2500,10771,20498,0,619,0,0,0,2764,0,150,0,0,0,0,0,0,0,0,0,0,0,0,0,0,0,0,0,0,0,0,0,0,0,0,0,0,0,0,0,0,0,0,0
잠실 한강공원,서울,송파구,잠실동 1-1,한가람로 65,2023년 8월 9일 수요일,,,21130,43640,93940,162355,41,526,0,10057,14922,0,305,0,0,0,2402,0,0,0,0,0,0,0,0,0,0,0,0,0,0,0,0,0,0,0,0,0,0,0,0,0,0,0,0,0,0,0,0,0,0,0
잠실 한강공원,서울,송파구,잠실동 1-1,한가람로 65,2023년 7월 12일 수요일,,,23100,53300,80450,275270,105,1451,0,8757,16209,0,421,0,0,0,2953,0,0,0,0,0,0,0,0,0,0,0,0,0,0,0,0,0,0,0,0,0,0,0,0,0,0,0,0,0,0,0,0,0,0,0
잠실 한강공원,서울,송파구,잠실동 1-1,한가람로 65,2023년 6월 8일 목요일,,,22870,57250,69300,259070,181,1557,0,8221,18340,0,700,0,0,0,2025,0,0,0,0,0,0,0,0,0,0,0,0,0,0,0,0,0,0,0,0,0,0,0,0,0,0,0,0,0,0,0,0,0,0,0
잠실 한강공원,서울,송파구,잠실동 1-1,한가람로 65,2023년 5월 12일 금요일,,,19140,51200,54750,200705,129,1627,0,8011,16941,0,913,0,0,0,1879,0,0,0,0,0,0,0,0,0,0,0,0,0,0,0,0,0,0,0,0,0,0,0,0,0,0,0,0,0,0,0,0,0,0,0
잠실 한강공원,서울,송파구,잠실동 1-1,한가람로 65,2023년 4월 6일 목요일,,,23600,70250,67920,215815,160,1464,0,14153,29180,0,979,0,0,0,2104,0,0,0,0,0,0,0,0,0,0,0,0,0,0,0,0,0,0,0,0,0,0,0,0,0,0,0,0,0,0,0,0,0,0,0
잠원 한강공원,서울,강남구,압구정동 386-1,강남대로 708,2024년 3월 8일 금요일,,,29360,29720,7220,46194,155,0,0,13653,18465,0,0,18680,0,0,5321,21,7390,0,14855,8060,8445,0,0,0,0,0,0,0,0,0,0,0,0,0,0,0,0,0,0,0,0,0,0,0,0,5315,9380,21285,0,0
잠원 한강공원,서울,강남구,압구정동 386-1,강남대로 708,2024년 2월 13일 화요일,,,28270,41670,5731,23573,80,0,0,11015,15212,0,0,17023,0,0,5429,93,0,30905,15339,0,8855,0,0,0,0,0,0,0,0,0,0,0,0,0,0,0,0,0,0,0,0,0,0,0,0,5791,9498,12605,0,0
잠원 한강공원,서울,강남구,압구정동 386-1,강남대로 708,2024년 1월 4일 목요일,,,27430,71843,5256,23828,385,0,0,9908,14425,0,0,17160,0,0,6335,145,11600,0,12565,0,8410,0,0,0,0,0,0,0,0,0,0,0,0,0,0,0,0,0,0,0,0,0,0,0,0,0,0,0,0,0
잠원 한강공원,서울,강남구,압구정동 386-1,강남대로 708,2023년 12월 7일 목요일,,,28210,90886,6138,0,1105,0,1690,12513,19040,0,0,24660,0,41721,8255,344,0,0,19670,0,12050,0,0,0,0,0,0,0,0,0,0,0,0,0,0,0,0,0,0,0,0,0,0,0,0,0,0,0,0,0
잠원 한강공원,서울,강남구,압구정동 386-1,강남대로 708,2023년 11월 2일 목요일,83,2023년 11월 2일 목요일,51760,135294,8040,82410,1889,0,9070,13017,18466,0,0,36625,0,0,10085,3315,0,0,28416,0,10970,0,0,0,0,0,0,0,0,0,0,0,0,0,0,0,0,0,0,0,0,0,0,0,0,0,0,0,0,0
잠원 한강공원,서울,강남구,압구정동 386-1,강남대로 708,2023년 10월 5일 목요일,,,27250,45260,36830,90216,1856,0,1780,12879,21782,0,0,31460,0,0,8465,1852,0,0,23423,0,64785,0,0,0,0,0,0,0,0,0,0,0,0,0,0,0,0,0,0,0,0,0,0,0,0,0,0,0,0,0
잠원 한강공원,서울,강남구,압구정동 386-1,강남대로 708,2023년 9월 5일 화요일,,,42219,42219,42219,58705,1371,0,2450,9852,18895,0,0,20105,0,0,6315,2223,47860,0,17085,0,8560,0,0,0,0,0,0,0,0,0,0,0,0,0,0,0,0,0,0,0,0,0,0,0,0,0,0,0,0,0
잠원 한강공원,서울,강남구,압구정동 386-1,강남대로 708,2023년 8월 8일 화요일,,,28273,28273,28273,55448,2200,0,0,9045,21340,0,0,24125,0,0,8097,1590,42460,0,20595,0,8945,0,0,0,0,0,0,0,0,0,0,0,0,0,0,0,0,0,0,0,0,0,0,0,0,0,0,0,0,0
잠원 한강공원,서울,강남구,압구정동 386-1,강남대로 708,2023년 7월 12일 수요일,,,42815,84156,45515,59467,2189,0,100,11170,22507,0,0,35855,0,0,8280,2422,7765,0,29645,0,12830,0,0,0,0,0,0,0,0,0,0,0,0,0,0,0,0,0,0,0,0,0,0,0,0,0,0,0,0,0
잠원 한강공원,서울,강남구,압구정동 386-1,강남대로 708,2023년 6월 8일 목요일,,,23568,45862,44887,40711,1813,0,3310,7743,17385,0,0,19470,0,0,5074,811,0,0,18180,0,9628,0,0,0,0,0,0,0,0,0,0,0,0,0,0,0,0,0,0,0,0,0,0,0,0,0,0,0,0,0
잠원 한강공원,서울,강남구,압구정동 386-1,강남대로 708,2023년 5월 12일 금요일,,,15498,38110,61882,42092,2043,0,0,8145,19702,0,0,21275,0,0,4939,168,0,0,18445,0,10275,0,0,0,0,0,0,0,0,0,0,0,0,0,0,0,0,0,0,0,0,0,0,0,0,0,0,0,0,0
잠원 한강공원,서울,강남구,압구정동 386-1,강남대로 708,2023년 4월 6일 목요일,,,15993,42586,40701,49266,2241,0,1000,9370,17958,0,0,14415,0,0,4730,16,0,0,15530,0,7565,0,0,0,0,0,0,0,0,0,0,0,0,0,0,0,0,0,0,0,0,0,0,0,0,0,0,0,0,0